Fecha,Reserva (hm3)
08/03/2016,80.47
09/03/2016,80.36
10/03/2016,80.26
11/03/2016,80.17
12/03/2016,80.05
13/03/2016,79.95
14/03/2016,79.85
15/03/2016,79.75
16/03/2016,79.65
17/03/2016,79.54
18/03/2016,79.43
19/03/2016,79.33
20/03/2016,79.31
21/03/2016,79.24
22/03/2016,79.22
23/03/2016,79.15
24/03/2016,79.06
25/03/2016,79.01
26/03/2016,78.91
27/03/2016,78.81
28/03/2016,78.7
29/03/2016,78.55
30/03/2016,78.57
31/03/2016,78.46
01/04/2016,78.34
02/04/2016,78.2
03/04/2016,78.07
04/04/2016,78
05/04/2016,78
06/04/2016,77.95
07/04/2016,77.9
08/04/2016,77.86
09/04/2016,77.75
10/04/2016,77.64
11/04/2016,77.54
12/04/2016,77.43
13/04/2016,77.36
14/04/2016,77.25
15/04/2016,77.14
16/04/2016,77.01
17/04/2016,76.9
18/04/2016,76.79
19/04/2016,76.68
20/04/2016,76.65
21/04/2016,76.76
22/04/2016,76.73
23/04/2016,76.65
24/04/2016,76.57
25/04/2016,76.51
26/04/2016,76.4
27/04/2016,76.29
28/04/2016,76.19
29/04/2016,76.11
30/04/2016,75.99
01/05/2016,75.91
02/05/2016,75.81
03/05/2016,75.69
04/05/2016,75.6
05/05/2016,75.46
06/05/2016,75.38
07/05/2016,75.31
08/05/2016,75.25
09/05/2016,75.28
10/05/2016,75.38
11/05/2016,75.67
12/05/2016,76.02
13/05/2016,76.58
14/05/2016,76.86
15/05/2016,76.97
16/05/2016,77.04
17/05/2016,77.07
18/05/2016,77.07
19/05/2016,77.07
20/05/2016,77.04
21/05/2016,77.01
22/05/2016,76.93
23/05/2016,76.9
24/05/2016,76.82
25/05/2016,76.73
26/05/2016,76.65
27/05/2016,76.54
28/05/2016,76.44
29/05/2016,76.34
30/05/2016,76.23
31/05/2016,76.13
01/06/2016,76.02
02/06/2016,75.91
03/06/2016,75.78
04/06/2016,75.66
05/06/2016,75.51
06/06/2016,75.38
07/06/2016,75.28
08/06/2016,75.11
09/06/2016,75
10/06/2016,74.87
11/06/2016,74.69
12/06/2016,74.55
13/06/2016,74.42
14/06/2016,74.26
15/06/2016,74.06
16/06/2016,73.86
17/06/2016,73.68
18/06/2016,73.54
19/06/2016,73.4
20/06/2016,73.28
21/06/2016,73.1
22/06/2016,72.93
23/06/2016,72.76
24/06/2016,72.63
25/06/2016,72.45
26/06/2016,72.32
27/06/2016,72.19
28/06/2016,72.02
29/06/2016,71.87
30/06/2016,71.73
01/07/2016,71.57
02/07/2016,71.4
03/07/2016,71.27
04/07/2016,71.13
05/07/2016,70.97
06/07/2016,70.8
07/07/2016,70.63
08/07/2016,70.48
09/07/2016,70.29
10/07/2016,70.14
11/07/2016,70
12/07/2016,69.83
13/07/2016,69.63
14/07/2016,69.46
15/07/2016,69.34
16/07/2016,69.17
17/07/2016,69
18/07/2016,68.85
19/07/2016,68.7
20/07/2016,68.54
21/07/2016,68.38
22/07/2016,68.22
23/07/2016,68.03
24/07/2016,67.87
25/07/2016,67.7
26/07/2016,67.53
27/07/2016,67.37
28/07/2016,67.21
29/07/2016,67.03
30/07/2016,66.86
31/07/2016,66.69
01/08/2016,66.54
02/08/2016,66.37
03/08/2016,66.21
04/08/2016,66.05
05/08/2016,65.86
06/08/2016,65.7
07/08/2016,65.51
08/08/2016,65.35
09/08/2016,65.19
10/08/2016,65.01
11/08/2016,64.84
12/08/2016,64.68
13/08/2016,64.52
14/08/2016,64.34
15/08/2016,64.18
16/08/2016,64.05
17/08/2016,63.9
18/08/2016,63.71
19/08/2016,63.53
20/08/2016,63.37
21/08/2016,63.18
22/08/2016,63.03
23/08/2016,62.87
24/08/2016,62.71
25/08/2016,62.52
26/08/2016,62.37
27/08/2016,62.22
28/08/2016,62.07
29/08/2016,61.91
30/08/2016,61.75
31/08/2016,61.6
01/09/2016,61.42
02/09/2016,61.27
03/09/2016,61.14
04/09/2016,60.99
05/09/2016,60.83
06/09/2016,60.66
07/09/2016,60.48
08/09/2016,60.3
09/09/2016,60.15
10/09/2016,59.97
11/09/2016,59.82
12/09/2016,59.67
13/09/2016,59.52
14/09/2016,59.52
15/09/2016,59.22
16/09/2016,59.04
17/09/2016,58.89
18/09/2016,58.74
19/09/2016,58.59
20/09/2016,58.45
21/09/2016,58.3
22/09/2016,58.15
23/09/2016,58.02
24/09/2016,57.86
25/09/2016,57.72
26/09/2016,57.6
27/09/2016,57.44
28/09/2016,57.33
29/09/2016,57.19
30/09/2016,57.05
01/10/2016,56.92
02/10/2016,56.78
03/10/2016,56.67
04/10/2016,56.52
05/10/2016,56.37
06/10/2016,56.22
07/10/2016,56.11
08/10/2016,55.97
09/10/2016,55.86
10/10/2016,55.74
11/10/2016,55.59
12/10/2016,55.48
13/10/2016,55.59
14/10/2016,55.56
15/10/2016,55.51
16/10/2016,55.46
17/10/2016,55.4
18/10/2016,55.31
19/10/2016,55.25
20/10/2016,55.17
21/10/2016,55.08
22/10/2016,55.03
23/10/2016,54.95
24/10/2016,54.92
25/10/2016,54.88
26/10/2016,54.83
27/10/2016,54.77
28/10/2016,54.68
29/10/2016,54.6
30/10/2016,54.52
31/10/2016,54.46
01/11/2016,54.37
02/11/2016,54.3
03/11/2016,54.21
04/11/2016,54.13
05/11/2016,54.06
06/11/2016,54.02
07/11/2016,53.92
08/11/2016,53.82
09/11/2016,53.71
10/11/2016,53.61
11/11/2016,53.51
12/11/2016,53.39
13/11/2016,53.31
14/11/2016,53.22
15/11/2016,53.14
16/11/2016,53.06
17/11/2016,52.97
18/11/2016,52.88
19/11/2016,52.81
20/11/2016,52.72
21/11/2016,52.67
22/11/2016,52.77
23/11/2016,52.97
24/11/2016,52.99
25/11/2016,52.99
26/11/2016,53.13
27/11/2016,55.31
28/11/2016,56.52
29/11/2016,56.92
30/11/2016,57.1
01/12/2016,57.22
02/12/2016,57.33
03/12/2016,57.4
04/12/2016,57.49
05/12/2016,58.52
06/12/2016,58.78
07/12/2016,58.92
08/12/2016,59.01
09/12/2016,59.1
10/12/2016,59.13
11/12/2016,59.19
12/12/2016,59.22
13/12/2016,59.22
14/12/2016,59.22
15/12/2016,59.34
16/12/2016,59.48
17/12/2016,59.82
18/12/2016,60.03
19/12/2016,60.24
20/12/2016,60.37
21/12/2016,60.48
22/12/2016,60.54
23/12/2016,60.63
24/12/2016,60.66
25/12/2016,60.72
26/12/2016,60.75
27/12/2016,60.79
28/12/2016,60.81
29/12/2016,60.84
30/12/2016,60.85
01/01/2017,60.88
02/01/2017,60.91
03/01/2017,60.94
04/01/2017,60.91
05/01/2017,60.91
06/01/2017,60.91
07/01/2017,60.91
08/01/2017,60.91
09/01/2017,60.88
10/01/2017,60.88
11/01/2017,60.86
12/01/2017,60.83
13/01/2017,60.81
14/01/2017,60.79
15/01/2017,60.72
16/01/2017,60.7
17/01/2017,60.65
18/01/2017,60.58
19/01/2017,60.53
20/01/2017,60.51
21/01/2017,60.48
22/01/2017,60.43
23/01/2017,60.39
24/01/2017,60.33
25/01/2017,60.29
26/01/2017,60.23
27/01/2017,60.23
28/01/2017,60.27
29/01/2017,60.23
30/01/2017,60.23
31/01/2017,60.21
01/02/2017,60.21
02/02/2017,60.18
03/02/2017,60.18
04/02/2017,60.15
05/02/2017,60.15
06/02/2017,60.12
07/02/2017,60.06
08/02/2017,59.99
09/02/2017,59.94
10/02/2017,59.91
11/02/2017,60.12
12/02/2017,60.37
13/02/2017,61.01
14/02/2017,61.67
15/02/2017,61.93
16/02/2017,62.1
17/02/2017,62.22
18/02/2017,62.33
19/02/2017,62.48
20/02/2017,63.78
21/02/2017,64.06
22/02/2017,64.24
23/02/2017,64.37
24/02/2017,64.52
25/02/2017,64.62
26/02/2017,64.68
27/02/2017,64.78
28/02/2017,64.84
01/03/2017,64.87
02/03/2017,64.91
03/03/2017,64.91
04/03/2017,64.96
05/03/2017,65.26
06/03/2017,65.46
07/03/2017,65.57
08/03/2017,65.64
08/03/2017,65.64
09/03/2017,65.74
10/03/2017,65.8
11/03/2017,65.86
12/03/2017,65.89
13/03/2017,65.89
14/03/2017,65.92
15/03/2017,66.11
16/03/2017,66.21
17/03/2017,66.3
18/03/2017,66.37
19/03/2017,66.41
20/03/2017,66.46
21/03/2017,66.5
22/03/2017,66.5
23/03/2017,66.5
24/03/2017,66.5
25/03/2017,66.5
26/03/2017,66.5
27/03/2017,66.54
28/03/2017,66.56
29/03/2017,66.56
30/03/2017,66.54
31/03/2017,66.5
01/04/2017,66.47
02/04/2017,66.41
03/04/2017,66.37
04/04/2017,66.34
05/04/2017,66.25
06/04/2017,66.18
07/04/2017,66.15
08/04/2017,66.11
09/04/2017,66.05
10/04/2017,65.99
11/04/2017,65.92
12/04/2017,65.86
13/04/2017,65.83
14/04/2017,65.76
15/04/2017,65.7
16/04/2017,65.61
17/04/2017,65.54
18/04/2017,65.45
19/04/2017,65.38
20/04/2017,65.31
21/04/2017,65.26
22/04/2017,65.16
23/04/2017,65.09
24/04/2017,65.01
25/04/2017,64.91
26/04/2017,64.81
27/04/2017,64.75
28/04/2017,64.71
29/04/2017,64.71
30/04/2017,64.71
01/05/2017,64.72
02/05/2017,64.66
03/05/2017,64.59
04/05/2017,64.56
05/05/2017,64.52
06/05/2017,64.43
07/05/2017,64.34
08/05/2017,64.27
09/05/2017,64.18
10/05/2017,64.08
11/05/2017,64.03
12/05/2017,63.99
13/05/2017,63.96
14/05/2017,63.91
15/05/2017,63.87
16/05/2017,63.78
17/05/2017,63.65
18/05/2017,63.58
19/05/2017,63.49
20/05/2017,63.37
21/05/2017,63.24
22/05/2017,63.15
23/05/2017,63.02
24/05/2017,62.9
25/05/2017,62.81
26/05/2017,62.71
27/05/2017,62.59
28/05/2017,62.47
29/05/2017,62.34
30/05/2017,62.22
31/05/2017,62.1
01/06/2017,62.01
02/06/2017,61.9
03/06/2017,61.74
04/06/2017,61.6
05/06/2017,61.48
06/06/2017,61.3
07/06/2017,61.12
08/06/2017,60.99
09/06/2017,60.88
10/06/2017,60.73
11/06/2017,60.61
12/06/2017,60.48
13/06/2017,60.3
14/06/2017,60.18
15/06/2017,60.06
16/06/2017,59.94
17/06/2017,59.77
18/06/2017,59.61
19/06/2017,59.46
20/06/2017,59.29
21/06/2017,59.13
22/06/2017,59.01
23/06/2017,58.89
24/06/2017,58.69
25/06/2017,58.51
26/06/2017,58.36
27/06/2017,58.18
28/06/2017,57.98
29/06/2017,57.83
30/06/2017,57.68
01/07/2017,57.44
02/07/2017,57.24
03/07/2017,57.08
04/07/2017,56.9
05/07/2017,56.69
06/07/2017,56.58
07/07/2017,55.99
08/07/2017,56.31
09/07/2017,56.14
10/07/2017,55.97
11/07/2017,55.8
12/07/2017,55.64
13/07/2017,55.54
14/07/2017,55.4
15/07/2017,55.23
16/07/2017,55.06
17/07/2017,54.88
18/07/2017,54.72
19/07/2017,54.53
20/07/2017,54.4
21/07/2017,54.26
22/07/2017,54.06
23/07/2017,53.86
24/07/2017,53.69
25/07/2017,53.53
26/07/2017,53.34
27/07/2017,53.24
28/07/2017,53.08
29/07/2017,52.88
30/07/2017,52.69
31/07/2017,52.53
01/08/2017,52.34
02/08/2017,52.17
03/08/2017,52.03
04/08/2017,51.87
05/08/2017,51.67
06/08/2017,51.48
07/08/2017,51.29
08/08/2017,51.1
09/08/2017,50.89
10/08/2017,50.76
11/08/2017,50.59
12/08/2017,50.4
13/08/2017,50.21
14/08/2017,50.02
15/08/2017,49.83
16/08/2017,49.67
17/08/2017,49.54
18/08/2017,49.4
19/08/2017,49.2
20/08/2017,49.04
21/08/2017,48.85
22/08/2017,48.67
23/08/2017,48.48
24/08/2017,48.35
25/08/2017,48.22
26/08/2017,48.03
27/08/2017,47.86
28/08/2017,47.75
29/08/2017,47.67
30/08/2017,47.57
31/08/2017,47.46
01/09/2017,47.36
02/09/2017,47.18
03/09/2017,47.05
04/09/2017,46.9
05/09/2017,46.74
06/09/2017,46.57
07/09/2017,46.48
08/09/2017,46.38
09/09/2017,46.22
10/09/2017,46.07
11/09/2017,45.95
12/09/2017,45.77
13/09/2017,45.62
14/09/2017,45.47
15/09/2017,45.34
16/09/2017,45.13
17/09/2017,44.96
18/09/2017,44.81
19/09/2017,44.61
20/09/2017,44.45
21/09/2017,44.31
22/09/2017,44.19
23/09/2017,43.99
24/09/2017,43.84
25/09/2017,43.69
26/09/2017,43.52
27/09/2017,43.37
28/09/2017,43.3
29/09/2017,43.19
30/09/2017,43.03
01/10/2017,42.88
02/10/2017,42.73
03/10/2017,42.58
04/10/2017,42.45
05/10/2017,42.35
06/10/2017,42.24
07/10/2017,42.08
08/10/2017,41.94
09/10/2017,41.82
10/10/2017,41.67
11/10/2017,41.53
12/10/2017,41.41
13/10/2017,41.31
14/10/2017,41.15
15/10/2017,41
16/10/2017,40.87
17/10/2017,40.72
18/10/2017,40.65
19/10/2017,40.72
20/10/2017,40.69
21/10/2017,40.62
22/10/2017,40.56
23/10/2017,40.49
24/10/2017,40.39
25/10/2017,40.3
26/10/2017,40.23
27/10/2017,40.15
28/10/2017,40.03
29/10/2017,39.92
30/10/2017,39.83
31/10/2017,39.71
01/11/2017,39.61
02/11/2017,39.52
03/11/2017,39.46
04/11/2017,39.41
05/11/2017,39.43
06/11/2017,39.36
07/11/2017,39.29
08/11/2017,39.24
09/11/2017,39.18
10/11/2017,39.13
11/11/2017,38.99
12/11/2017,38.9
13/11/2017,38.81
14/11/2017,38.67
15/11/2017,38.58
16/11/2017,38.49
17/11/2017,38.42
18/11/2017,38.33
19/11/2017,38.22
20/11/2017,38.15
21/11/2017,38.05
22/11/2017,37.96
23/11/2017,37.87
24/11/2017,37.85
25/11/2017,37.76
26/11/2017,37.71
27/11/2017,37.62
28/11/2017,37.54
29/11/2017,37.5
30/11/2017,37.66
01/12/2017,37.64
02/12/2017,37.6
03/12/2017,37.6
04/12/2017,37.51
05/12/2017,37.45
06/12/2017,37.41
07/12/2017,37.37
08/12/2017,37.31
09/12/2017,37.29
10/12/2017,37.2
11/12/2017,37.14
12/12/2017,37.17
13/12/2017,37.15
14/12/2017,37.09
15/12/2017,37.09
16/12/2017,36.97
17/12/2017,36.92
18/12/2017,36.9
19/12/2017,36.85
20/12/2017,36.78
21/12/2017,36.74
22/12/2017,36.68
23/12/2017,36.68
24/12/2017,36.58
25/12/2017,36.6
26/12/2017,36.55
27/12/2017,36.54
28/12/2017,36.49
29/12/2017,36.54
30/12/2017,36.54
31/12/2017,36.55
01/01/2018,36.54
02/01/2018,36.49
03/01/2018,36.48
04/01/2018,36.35
05/01/2018,36.33
06/01/2018,36.25
07/01/2018,36.29
08/01/2018,36.31
09/01/2018,36.36
10/01/2018,36.38
11/01/2018,36.35
12/01/2018,36.34
13/01/2018,36.35
14/01/2018,36.37
15/01/2018,36.4
16/01/2018,36.38
17/01/2018,36.37
18/01/2018,36.38
19/01/2018,36.39
20/01/2018,36.35
21/01/2018,36.39
22/01/2018,36.37
23/01/2018,36.42
24/01/2018,36.35
25/01/2018,36.37
26/01/2018,36.35
27/01/2018,36.35
28/01/2018,36.27
29/01/2018,36.29
30/01/2018,36.25
31/01/2018,36.24
01/02/2018,36.17
02/02/2018,36.15
03/02/2018,36.11
04/02/2018,36.1
05/02/2018,36.05
06/02/2018,36.04
07/02/2018,35.94
08/02/2018,35.9
09/02/2018,35.91
10/02/2018,35.87
11/02/2018,35.81
12/02/2018,35.79
13/02/2018,35.76
14/02/2018,35.74
15/02/2018,35.68
16/02/2018,35.62
17/02/2018,35.63
18/02/2018,35.58
19/02/2018,35.58
20/02/2018,35.54
21/02/2018,35.53
22/02/2018,35.49
23/02/2018,35.41
24/02/2018,35.46
25/02/2018,35.42
26/02/2018,35.39
27/02/2018,35.39
28/02/2018,35.34
01/03/2018,35.57
02/03/2018,37.8
03/03/2018,44.53
04/03/2018,45.75
05/03/2018,48.45
06/03/2018,49.63
07/03/2018,50.22
08/03/2018,50.87
08/03/2018,50.87
09/03/2018,52.23
10/03/2018,52.82
11/03/2018,53.83
12/03/2018,54.75
13/03/2018,55.36
14/03/2018,55.9
15/03/2018,56.3
16/03/2018,57
17/03/2018,57.44
18/03/2018,59.62
19/03/2018,61.06
20/03/2018,62.23
21/03/2018,62.98
22/03/2018,63.61
23/03/2018,64.16
24/03/2018,64.62
25/03/2018,65.15
26/03/2018,65.82
27/03/2018,66.26
28/03/2018,65.8
29/03/2018,66.11
30/03/2018,66.42
31/03/2018,66.71
01/04/2018,66.94
02/04/2018,67.14
03/04/2018,67.37
04/04/2018,67.57
05/04/2018,67.72
06/04/2018,67.89
07/04/2018,68.03
08/04/2018,68.18
09/04/2018,68.31
10/04/2018,68.42
11/04/2018,68.87
12/04/2018,69.22
13/04/2018,69.87
14/04/2018,70.75
15/04/2018,71.19
16/04/2018,71.56
17/04/2018,71.85
18/04/2018,72.08
19/04/2018,72.29
20/04/2018,72.49
21/04/2018,72.69
22/04/2018,72.87
23/04/2018,72.97
24/04/2018,73.18
25/04/2018,73.29
26/04/2018,73.45
27/04/2018,73.62
28/04/2018,73.73
29/04/2018,73.82
30/04/2018,73.93
01/05/2018,74
02/05/2018,74.08
03/05/2018,74.17
04/05/2018,74.2
05/05/2018,74.27
06/05/2018,74.31
07/05/2018,74.38
08/05/2018,74.41
09/05/2018,74.62
10/05/2018,74.62
11/05/2018,74.65
12/05/2018,74.65
13/05/2018,74.65
14/05/2018,74.63
15/05/2018,74.62
16/05/2018,74.62
17/05/2018,74.62
18/05/2018,74.59
19/05/2018,74.55
20/05/2018,74.55
21/05/2018,74.55
22/05/2018,74.59
23/05/2018,74.49
24/05/2018,74.49
25/05/2018,74.44
26/05/2018,74.38
27/05/2018,74.32
28/05/2018,74.27
29/05/2018,74.24
30/05/2018,74.2
31/05/2018,74.14
01/06/2018,74.06
02/06/2018,74
03/06/2018,73.96
04/06/2018,73.89
05/06/2018,73.79
06/06/2018,73.68
07/06/2018,73.6
08/06/2018,73.52
09/06/2018,73.42
10/06/2018,73.34
11/06/2018,73.25
12/06/2018,73.13
13/06/2018,73.04
14/06/2018,72.9
15/06/2018,72.79
16/06/2018,72.7
17/06/2018,72.59
18/06/2018,72.52
19/06/2018,72.39
20/06/2018,72.29
21/06/2018,72.19
22/06/2018,72.08
23/06/2018,71.94
24/06/2018,71.83
25/06/2018,71.73
26/06/2018,71.6
27/06/2018,71.5
28/06/2018,71.4
29/06/2018,71.3
30/06/2018,71.18
01/07/2018,71.03
02/07/2018,70.94
03/07/2018,70.8
04/07/2018,70.63
05/07/2018,70.55
06/07/2018,70.41
07/07/2018,70.29
08/07/2018,70.17
09/07/2018,70.07
10/07/2018,69.93
11/07/2018,69.8
12/07/2018,69.67
13/07/2018,69.51
14/07/2018,69.36
15/07/2018,69.23
16/07/2018,69.07
17/07/2018,68.91
18/07/2018,68.77
19/07/2018,68.64
20/07/2018,68.49
21/07/2018,68.3
22/07/2018,68.11
23/07/2018,68.01
24/07/2018,67.87
25/07/2018,67.72
26/07/2018,67.59
27/07/2018,67.45
28/07/2018,67.31
29/07/2018,67.18
30/07/2018,67.01
31/07/2018,66.87
01/08/2018,66.73
02/08/2018,66.56
03/08/2018,66.44
04/08/2018,66.28
05/08/2018,66.07
06/08/2018,65.99
07/08/2018,65.82
08/08/2018,65.6
09/08/2018,65.51
10/08/2018,65.38
11/08/2018,65.18
12/08/2018,65.05
13/08/2018,64.91
14/08/2018,64.75
15/08/2018,64.46
16/08/2018,64.47
17/08/2018,64.3
18/08/2018,64.08
19/08/2018,63.96
20/08/2018,63.87
21/08/2018,63.71
22/08/2018,63.39
23/08/2018,63.37
24/08/2018,63.23
25/08/2018,63.03
26/08/2018,62.91
27/08/2018,62.81
28/08/2018,62.66
29/08/2018,62.51
30/08/2018,62.28
31/08/2018,62.14
01/09/2018,62.1
02/09/2018,61.94
03/09/2018,61.79
04/09/2018,61.57
05/09/2018,61.46
06/09/2018,61.31
07/09/2018,61.18
08/09/2018,60.96
09/09/2018,60.98
10/09/2018,60.91
11/09/2018,60.81
12/09/2018,60.7
13/09/2018,60.58
14/09/2018,60.48
15/09/2018,60.41
16/09/2018,60.42
17/09/2018,60.36
18/09/2018,60.3
19/09/2018,60.23
20/09/2018,60.07
21/09/2018,60.03
22/09/2018,59.94
23/09/2018,59.82
24/09/2018,59.65
25/09/2018,59.54
26/09/2018,59.44
27/09/2018,59.34
28/09/2018,59.27
29/09/2018,59.19
30/09/2018,59.08
01/10/2018,58.9
02/10/2018,58.87
03/10/2018,58.8
04/10/2018,58.72
05/10/2018,58.6
06/10/2018,58.47
07/10/2018,58.42
08/10/2018,58.24
09/10/2018,58.15
10/10/2018,58.54
11/10/2018,58.51
12/10/2018,58.46
13/10/2018,58.45
14/10/2018,58.39
15/10/2018,58.54
16/10/2018,58.51
17/10/2018,58.54
18/10/2018,58.54
19/10/2018,59.4
20/10/2018,59.52
21/10/2018,59.67
22/10/2018,59.68
23/10/2018,59.76
24/10/2018,59.73
25/10/2018,59.64
26/10/2018,59.72
27/10/2018,59.7
28/10/2018,59.58
29/10/2018,59.61
30/10/2018,59.57
31/10/2018,61.46
01/11/2018,62.49
02/11/2018,62.88
03/11/2018,63.02
04/11/2018,63.12
05/11/2018,63.24
06/11/2018,63.34
07/11/2018,63.44
08/11/2018,63.52
09/11/2018,63.64
10/11/2018,63.68
11/11/2018,63.72
12/11/2018,63.78
13/11/2018,63.83
14/11/2018,63.8
15/11/2018,63.82
16/11/2018,63.93
17/11/2018,63.96
18/11/2018,63.99
19/11/2018,65.38
20/11/2018,66.22
21/11/2018,67.65
22/11/2018,69.12
23/11/2018,70.05
24/11/2018,71.19
25/11/2018,71.82
26/11/2018,72.33
27/11/2018,72.61
28/11/2018,72.9
29/11/2018,73.18
30/11/2018,73.42
01/12/2018,73.62
02/12/2018,73.82
03/12/2018,73.95
04/12/2018,74.11
05/12/2018,74.22
06/12/2018,74.38
07/12/2018,74.51
08/12/2018,74.63
09/12/2018,74.72
10/12/2018,74.82
11/12/2018,74.87
12/12/2018,74.92
13/12/2018,74.98
14/12/2018,75.01
15/12/2018,75.18
16/12/2018,75.21
17/12/2018,75.27
18/12/2018,75.31
19/12/2018,75.36
20/12/2018,75.42
21/12/2018,75.47
22/12/2018,75.46
23/12/2018,75.49
24/12/2018,75.6
25/12/2018,75.52
26/12/2018,75.52
27/12/2018,75.56
28/12/2018,75.51
29/12/2018,75.47
30/12/2018,75.52
31/12/2018,75.52
01/01/2019,75.53
02/01/2019,75.54
03/01/2019,75.6
04/01/2019,75.6
05/01/2019,75.61
06/01/2019,75.67
07/01/2019,75.67
08/01/2019,75.67
09/01/2019,75.64
10/01/2019,75.67
11/01/2019,75.67
12/01/2019,75.69
13/01/2019,75.69
14/01/2019,75.69
15/01/2019,75.67
16/01/2019,75.67
17/01/2019,75.64
18/01/2019,75.63
19/01/2019,75.6
20/01/2019,75.6
21/01/2019,75.63
22/01/2019,75.56
23/01/2019,75.55
24/01/2019,75.52
25/01/2019,75.49
26/01/2019,75.38
27/01/2019,75.41
28/01/2019,75.37
29/01/2019,75.29
30/01/2019,75.22
31/01/2019,75.18
01/02/2019,75.18
02/02/2019,75.74
03/02/2019,75.88
04/02/2019,75.94
05/02/2019,75.98
06/02/2019,76.02
07/02/2019,76.02
08/02/2019,76.05
09/02/2019,76.09
10/02/2019,76.13
11/02/2019,76.14
12/02/2019,76.15
13/02/2019,76.16
14/02/2019,76.17
15/02/2019,76.19
16/02/2019,76.19
17/02/2019,76.23
18/02/2019,76.26
19/02/2019,76.24
20/02/2019,76.26
21/02/2019,76.26
22/02/2019,76.29
23/02/2019,76.26
24/02/2019,76.25
25/02/2019,76.26
26/02/2019,76.25
27/02/2019,76.24
28/02/2019,76.23
01/03/2019,76.18
02/03/2019,76.21
03/03/2019,76.19
04/03/2019,76.13
05/03/2019,76.09
06/03/2019,76.05
07/03/2019,76.04
08/03/2019,76
09/03/2019,76.02
10/03/2019,76.02
11/03/2019,76.01
12/03/2019,75.93
13/03/2019,75.94
14/03/2019,75.88
15/03/2019,75.77
16/03/2019,75.78
17/03/2019,75.67
18/03/2019,75.58
19/03/2019,75.6
20/03/2019,75.56
21/03/2019,75.43
22/03/2019,75.46
23/03/2019,75.42
24/03/2019,75.36
25/03/2019,75.28
26/03/2019,75.21
27/03/2019,75.17
28/03/2019,75.14
29/03/2019,75.07
30/03/2019,74.96
31/03/2019,74.92
01/04/2019,74.97
02/04/2019,74.97
03/04/2019,75
04/04/2019,74.99
05/04/2019,74.93
06/04/2019,74.95
07/04/2019,74.96
08/04/2019,74.99
09/04/2019,75
10/04/2019,74.94
11/04/2019,74.96
12/04/2019,74.91
13/04/2019,74.9
14/04/2019,74.81
15/04/2019,74.8
16/04/2019,74.76
17/04/2019,74.69
18/04/2019,74.61
19/04/2019,74.72
20/04/2019,74.72
21/04/2019,74.65
22/04/2019,74.79
23/04/2019,74.74
24/04/2019,74.87
25/04/2019,74.9
26/04/2019,75
27/04/2019,75.03
28/04/2019,75.11
29/04/2019,75.11
30/04/2019,75.07
01/05/2019,75.07
02/05/2019,75.07
03/05/2019,75.03
04/05/2019,75
05/05/2019,74.97
06/05/2019,74.9
07/05/2019,74.87
08/05/2019,74.79
09/05/2019,74.72
10/05/2019,74.62
11/05/2019,74.5
12/05/2019,74.41
13/05/2019,74.35
14/05/2019,74.24
15/05/2019,74.14
16/05/2019,74.03
17/05/2019,73.99
18/05/2019,73.83
19/05/2019,73.6
20/05/2019,73.52
21/05/2019,73.5
22/05/2019,73.41
23/05/2019,73.33
24/05/2019,73.16
25/05/2019,73.1
26/05/2019,73
27/05/2019,72.81
28/05/2019,72.79
29/05/2019,72.67
30/05/2019,72.46
31/05/2019,72.42
01/06/2019,72.32
02/06/2019,72.08
03/06/2019,72.08
04/06/2019,71.91
05/06/2019,71.81
06/06/2019,71.56
07/06/2019,71.54
08/06/2019,71.4
09/06/2019,71.28
10/06/2019,71.18
11/06/2019,71
12/06/2019,70.7
13/06/2019,70.71
14/06/2019,70.46
15/06/2019,70.43
16/06/2019,70.17
17/06/2019,70.17
18/06/2019,69.93
19/06/2019,69.89
20/06/2019,69.66
21/06/2019,69.59
22/06/2019,69.41
23/06/2019,69.31
24/06/2019,69.17
25/06/2019,68.94
26/06/2019,68.9
27/06/2019,68.67
28/06/2019,68.64
29/06/2019,68.48
30/06/2019,68.25
01/07/2019,68.19
02/07/2019,68.04
03/07/2019,67.82
04/07/2019,67.59
05/07/2019,67.5
06/07/2019,67.34
07/07/2019,67.14
08/07/2019,67.09
09/07/2019,66.93
10/07/2019,66.76
11/07/2019,66.54
12/07/2019,66.3
13/07/2019,66.3
14/07/2019,66.1
15/07/2019,65.99
16/07/2019,65.72
17/07/2019,65.56
18/07/2019,65.38
19/07/2019,65.26
20/07/2019,65.12
21/07/2019,64.95
22/07/2019,64.75
23/07/2019,64.59
24/07/2019,64.45
25/07/2019,64.28
26/07/2019,64.13
27/07/2019,63.93
28/07/2019,63.74
29/07/2019,63.54
30/07/2019,63.41
31/07/2019,63.16
01/08/2019,63.05
02/08/2019,62.83
03/08/2019,62.71
04/08/2019,62.48
05/08/2019,62.34
06/08/2019,62.13
07/08/2019,61.97
08/08/2019,61.77
09/08/2019,61.58
10/08/2019,61.36
11/08/2019,61.23
12/08/2019,60.99
13/08/2019,60.79
14/08/2019,60.61
15/08/2019,60.42
16/08/2019,60.26
17/08/2019,60.06
18/08/2019,59.86
19/08/2019,59.7
20/08/2019,59.54
21/08/2019,59.28
22/08/2019,59.2
23/08/2019,59.03
24/08/2019,58.86
25/08/2019,58.69
26/08/2019,58.45
27/08/2019,58.39
28/08/2019,58.14
29/08/2019,58.01
30/08/2019,57.83
31/08/2019,57.68
01/09/2019,57.51
02/09/2019,57.29
03/09/2019,57.22
04/09/2019,57.01
05/09/2019,56.74
06/09/2019,56.69
07/09/2019,56.46
08/09/2019,56.22
09/09/2019,56.19
10/09/2019,56.03
11/09/2019,55.87
12/09/2019,55.66
13/09/2019,55.54
14/09/2019,55.78
15/09/2019,55.79
16/09/2019,55.71
17/09/2019,55.63
18/09/2019,55.51
19/09/2019,55.47
20/09/2019,55.38
21/09/2019,55.24
22/09/2019,55.28
23/09/2019,55.12
24/09/2019,55.06
25/09/2019,54.85
26/09/2019,54.83
27/09/2019,54.69
28/09/2019,54.45
29/09/2019,54.43
30/09/2019,54.34
01/10/2019,54.19
02/10/2019,54.05
03/10/2019,53.86
04/10/2019,53.7
05/10/2019,53.67
06/10/2019,53.53
07/10/2019,53.36
08/10/2019,53.16
09/10/2019,53.17
10/10/2019,53.07
11/10/2019,52.87
12/10/2019,52.76
13/10/2019,52.67
14/10/2019,52.46
15/10/2019,52.27
16/10/2019,52.28
17/10/2019,52.06
18/10/2019,51.98
19/10/2019,51.84
20/10/2019,51.58
21/10/2019,51.58
22/10/2019,51.76
23/10/2019,51.81
24/10/2019,51.76
25/10/2019,51.62
26/10/2019,51.39
27/10/2019,51.38
28/10/2019,51.27
29/10/2019,51.15
30/10/2019,51.08
31/10/2019,50.99
01/11/2019,50.89
02/11/2019,50.78
03/11/2019,50.64
04/11/2019,50.64
05/11/2019,50.56
06/11/2019,50.32
07/11/2019,50.26
08/11/2019,50.26
09/11/2019,50.13
10/11/2019,50.01
11/11/2019,49.94
12/11/2019,49.82
13/11/2019,49.67
14/11/2019,49.57
15/11/2019,49.54
16/11/2019,49.38
17/11/2019,49.3
18/11/2019,49.3
19/11/2019,49.2
20/11/2019,49.14
21/11/2019,49.06
22/11/2019,49.07
23/11/2019,49.25
24/11/2019,49.27
25/11/2019,49.24
26/11/2019,49.22
27/11/2019,49.17
28/11/2019,49.14
29/11/2019,49.08
30/11/2019,49.06
01/12/2019,48.98
02/12/2019,48.9
03/12/2019,48.94
04/12/2019,48.88
05/12/2019,48.82
06/12/2019,48.81
07/12/2019,48.77
08/12/2019,48.75
09/12/2019,48.64
10/12/2019,48.69
11/12/2019,48.62
12/12/2019,48.55
13/12/2019,48.49
14/12/2019,48.45
15/12/2019,48.37
16/12/2019,48.33
17/12/2019,48.28
18/12/2019,48.27
19/12/2019,48.15
20/12/2019,48.22
21/12/2019,48.7
22/12/2019,49.01
23/12/2019,49.13
24/12/2019,49.15
25/12/2019,49.24
26/12/2019,49.26
27/12/2019,49.24
28/12/2019,49.23
29/12/2019,49.19
30/12/2019,49.24
31/12/2019,49.16
01/01/2020,49.14
02/01/2020,49.14
03/01/2020,49.11
04/01/2020,49.06
05/01/2020,48.99
06/01/2020,48.98
07/01/2020,48.92
08/01/2020,48.85
09/01/2020,48.85
10/01/2020,48.83
11/01/2020,48.8
12/01/2020,48.71
13/01/2020,48.69
14/01/2020,48.61
15/01/2020,48.59
16/01/2020,48.55
17/01/2020,48.51
18/01/2020,48.45
19/01/2020,48.41
20/01/2020,48.38
21/01/2020,48.27
22/01/2020,48.3
23/01/2020,48.71
24/01/2020,49.64
25/01/2020,50.91
26/01/2020,54.01
27/01/2020,54.45
28/01/2020,54.68
29/01/2020,54.83
30/01/2020,54.92
31/01/2020,54.95
01/02/2020,55
02/02/2020,55.08
03/02/2020,55.08
04/02/2020,55.07
05/02/2020,55.06
06/02/2020,55.06
07/02/2020,55.05
08/02/2020,55
09/02/2020,54.98
10/02/2020,55.06
11/02/2020,55.06
12/02/2020,55.06
13/02/2020,55.06
14/02/2020,55.03
15/02/2020,55.03
16/02/2020,54.99
17/02/2020,54.99
18/02/2020,54.94
19/02/2020,54.94
20/02/2020,54.89
21/02/2020,54.94
22/02/2020,54.91
23/02/2020,54.92
24/02/2020,54.89
25/02/2020,54.88
26/02/2020,54.86
27/02/2020,54.83
28/02/2020,54.77
29/02/2020,54.67
01/03/2020,54.72
02/03/2020,54.65
03/03/2020,54.57
04/03/2020,54.48
05/03/2020,54.48
06/03/2020,54.41
07/03/2020,54.34
08/03/2020,54.28
09/03/2020,54.26
10/03/2020,54.15
11/03/2020,54.15
12/03/2020,54.09
13/03/2020,54.06
14/03/2020,53.92
15/03/2020,53.97
16/03/2020,53.85
17/03/2020,53.84
18/03/2020,54.01
19/03/2020,54.04
20/03/2020,53.89
21/03/2020,53.94
22/03/2020,53.98
23/03/2020,54.15
24/03/2020,54.09
25/03/2020,54.15
26/03/2020,54.4
27/03/2020,54.45
28/03/2020,54.6
29/03/2020,54.54
30/03/2020,54.63
31/03/2020,54.72
01/04/2020,58.59
02/04/2020,59.85
03/04/2020,61.3
04/04/2020,61.99
05/04/2020,62.35
06/04/2020,62.76
07/04/2020,63.01
08/04/2020,63.24
09/04/2020,63.4
10/04/2020,63.58
11/04/2020,63.71
12/04/2020,63.83
13/04/2020,63.93
14/04/2020,64.08
15/04/2020,64.22
16/04/2020,64.87
17/04/2020,65.04
18/04/2020,65.31
19/04/2020,65.45
20/04/2020,65.45
21/04/2020,65.63
22/04/2020,65.89
23/04/2020,66.05
24/04/2020,66.11
25/04/2020,66.3
26/04/2020,66.43
27/04/2020,66.56
28/04/2020,66.6
29/04/2020,66.71
30/04/2020,66.76
01/05/2020,66.76
02/05/2020,66.69
03/05/2020,66.76
04/05/2020,66.78
05/05/2020,66.79
06/05/2020,66.79
07/05/2020,66.79
08/05/2020,66.76
09/05/2020,66.73
10/05/2020,66.69
11/05/2020,66.63
12/05/2020,66.71
13/05/2020,66.95
14/05/2020,66.92
15/05/2020,66.92
16/05/2020,66.87
17/05/2020,66.87
18/05/2020,66.91
19/05/2020,66.88
20/05/2020,66.92
21/05/2020,66.86
22/05/2020,66.86
23/05/2020,66.86
24/05/2020,66.79
25/05/2020,66.76
26/05/2020,66.56
27/05/2020,66.53
28/05/2020,66.5
29/05/2020,66.41
30/05/2020,66.34
31/05/2020,66.3
01/06/2020,66.14
02/06/2020,66.11
03/06/2020,66.15
04/06/2020,65.98
05/06/2020,65.93
06/06/2020,65.71
07/06/2020,65.68
08/06/2020,65.61
09/06/2020,65.33
10/06/2020,65.48
11/06/2020,65.5
12/06/2020,65.44
13/06/2020,65.3
14/06/2020,65.19
15/06/2020,65.05
16/06/2020,64.93
17/06/2020,64.67
18/06/2020,64.62
19/06/2020,64.56
20/06/2020,64.43
21/06/2020,64.2
22/06/2020,64.18
23/06/2020,64.03
24/06/2020,63.87
25/06/2020,63.72
26/06/2020,63.61
27/06/2020,63.48
28/06/2020,63.34
29/06/2020,63.16
30/06/2020,63
01/07/2020,62.9
02/07/2020,62.79
03/07/2020,62.6
04/07/2020,62.44
05/07/2020,62.2
06/07/2020,62.1
07/07/2020,62.01
08/07/2020,61.85
09/07/2020,61.7
10/07/2020,61.55
11/07/2020,61.39
12/07/2020,61.18
13/07/2020,60.96
14/07/2020,60.94
15/07/2020,60.79
16/07/2020,60.66
17/07/2020,60.51
18/07/2020,60.33
19/07/2020,60.12
20/07/2020,59.86
21/07/2020,59.85
22/07/2020,59.67
23/07/2020,59.52
24/07/2020,59.36
25/07/2020,59.19
26/07/2020,59
27/07/2020,58.78
28/07/2020,58.59
29/07/2020,58.41
30/07/2020,58.25
31/07/2020,58.09
01/08/2020,57.93
02/08/2020,57.78
03/08/2020,57.68
04/08/2020,57.46
05/08/2020,57.22
06/08/2020,57.05
07/08/2020,56.85
08/08/2020,56.69
09/08/2020,56.49
10/08/2020,56.31
11/08/2020,56.17
12/08/2020,56.02
13/08/2020,55.86
14/08/2020,55.7
15/08/2020,55.55
16/08/2020,55.33
17/08/2020,55.11
18/08/2020,54.94
19/08/2020,54.79
20/08/2020,54.6
21/08/2020,54.46
22/08/2020,54.26
23/08/2020,54.09
24/08/2020,53.96
25/08/2020,53.77
26/08/2020,53.58
27/08/2020,53.44
28/08/2020,53.28
29/08/2020,53.08
30/08/2020,52.88
31/08/2020,52.75
01/09/2020,52.56
02/09/2020,52.36
03/09/2020,52.2
04/09/2020,52.08
05/09/2020,51.89
06/09/2020,51.78
07/09/2020,51.62
08/09/2020,51.47
09/09/2020,51.32
10/09/2020,51.18
11/09/2020,51.02
12/09/2020,50.82
13/09/2020,50.62
14/09/2020,50.51
15/09/2020,50.32
16/09/2020,50.21
17/09/2020,50.04
18/09/2020,49.93
19/09/2020,49.87
20/09/2020,49.78
21/09/2020,49.67
22/09/2020,49.47
23/09/2020,49.39
24/09/2020,49.29
25/09/2020,49.15
26/09/2020,48.95
27/09/2020,48.78
28/09/2020,48.68
29/09/2020,48.56
30/09/2020,48.35
01/10/2020,48.18
02/10/2020,48.02
03/10/2020,47.94
04/10/2020,47.78
05/10/2020,47.67
06/10/2020,47.51
07/10/2020,47.41
08/10/2020,47.28
09/10/2020,47.15
10/10/2020,47.05
11/10/2020,46.97
12/10/2020,46.82
13/10/2020,46.67
14/10/2020,46.56
15/10/2020,46.39
16/10/2020,46.26
17/10/2020,46.11
18/10/2020,45.99
19/10/2020,45.88
20/10/2020,45.77
21/10/2020,45.66
22/10/2020,45.63
23/10/2020,45.73
24/10/2020,45.69
25/10/2020,45.58
26/10/2020,45.45
27/10/2020,45.31
28/10/2020,45.41
29/10/2020,45.34
30/10/2020,45.21
31/10/2020,45.04
01/11/2020,44.86
02/11/2020,44.78
03/11/2020,44.72
04/11/2020,44.63
05/11/2020,44.56
06/11/2020,44.51
07/11/2020,44.49
08/11/2020,44.47
09/11/2020,44.41
10/11/2020,44.33
11/11/2020,44.27
12/11/2020,44.35
13/11/2020,44.33
14/11/2020,44.23
15/11/2020,44.21
16/11/2020,44.13
17/11/2020,43.96
18/11/2020,43.85
19/11/2020,43.78
20/11/2020,43.71
21/11/2020,43.63
22/11/2020,43.57
23/11/2020,43.62
24/11/2020,43.62
25/11/2020,43.59
26/11/2020,43.57
27/11/2020,43.5
28/11/2020,43.63
29/11/2020,43.62
30/11/2020,43.61
01/12/2020,43.59
02/12/2020,43.54
03/12/2020,43.65
04/12/2020,43.57
05/12/2020,43.53
06/12/2020,43.38
07/12/2020,43.48
08/12/2020,43.27
09/12/2020,43.31
10/12/2020,43.42
11/12/2020,43.67
12/12/2020,44.14
13/12/2020,44.65
14/12/2020,44.81
15/12/2020,44.65
16/12/2020,44.74
17/12/2020,44.8
18/12/2020,44.76
19/12/2020,44.74
20/12/2020,44.8
21/12/2020,44.83
22/12/2020,44.78
23/12/2020,44.78
24/12/2020,44.74
25/12/2020,44.71
26/12/2020,44.66
27/12/2020,44.61
28/12/2020,44.56
29/12/2020,44.51
30/12/2020,44.47
31/12/2020,44.41
01/01/2021,44.37
02/01/2021,44.29
03/01/2021,44.25
04/01/2021,44.19
05/01/2021,44.11
06/01/2021,44.04
07/01/2021,44.04
08/01/2021,44.25
09/01/2021,48.06
10/01/2021,49.35
11/01/2021,49.78
12/01/2021,50.02
13/01/2021,50.19
14/01/2021,50.29
15/01/2021,50.39
16/01/2021,50.45
17/01/2021,50.51
18/01/2021,50.56
19/01/2021,50.59
20/01/2021,50.64
21/01/2021,50.78
22/01/2021,50.88
23/01/2021,50.97
24/01/2021,50.99
25/01/2021,51.13
26/01/2021,51.39
27/01/2021,51.7
28/01/2021,51.84
29/01/2021,51.95
30/01/2021,51.75
31/01/2021,51.83
01/02/2021,51.93
02/02/2021,51.98
03/02/2021,51.97
04/02/2021,52
05/02/2021,52.05
06/02/2021,52.08
07/02/2021,52.14
08/02/2021,52.21
09/02/2021,52.34
10/02/2021,52.44
11/02/2021,52.86
12/02/2021,53.11
13/02/2021,53.25
14/02/2021,53.36
15/02/2021,53.44
16/02/2021,53.51
17/02/2021,53.58
18/02/2021,53.64
19/02/2021,53.67
20/02/2021,53.73
21/02/2021,53.75
22/02/2021,53.86
23/02/2021,53.92
24/02/2021,53.95
25/02/2021,54.01
26/02/2021,54.01
27/02/2021,54.04
28/02/2021,54.04
01/03/2021,54.09
02/03/2021,54.15
03/03/2021,54.12
04/03/2021,54.15
05/03/2021,54.15
06/03/2021,54.17
07/03/2021,54.21
08/03/2021,54.23
08/03/2021,54.23
09/03/2021,54.23
10/03/2021,54.28
11/03/2021,54.26
12/03/2021,54.26
13/03/2021,54.22
14/03/2021,54.26
15/03/2021,54.21
16/03/2021,54.06
17/03/2021,54.17
18/03/2021,54.15
19/03/2021,54.12
20/03/2021,54.09
21/03/2021,54.09
22/03/2021,54.04
23/03/2021,54.04
24/03/2021,54.01
25/03/2021,53.95
26/03/2021,53.92
27/03/2021,53.86
28/03/2021,53.84
29/03/2021,53.81
30/03/2021,53.75
31/03/2021,53.73
01/04/2021,53.64
02/04/2021,53.62
03/04/2021,53.57
04/04/2021,53.51
05/04/2021,53.44
06/04/2021,53.42
07/04/2021,53.38
08/04/2021,53.34
09/04/2021,53.25
10/04/2021,53.19
11/04/2021,53.16
12/04/2021,53.14
13/04/2021,53.08
14/04/2021,53.04
15/04/2021,53.03
16/04/2021,53.08
17/04/2021,53.13
18/04/2021,53.19
19/04/2021,53.19
20/04/2021,53.19
21/04/2021,53.16
22/04/2021,53.14
23/04/2021,53.14
24/04/2021,53.11
25/04/2021,53.11
26/04/2021,53.08
27/04/2021,53.09
28/04/2021,53.55
29/04/2021,53.67
30/04/2021,53.73
01/05/2021,53.78
02/05/2021,53.81
03/05/2021,53.78
04/05/2021,53.81
05/05/2021,53.81
06/05/2021,53.81
07/05/2021,53.78
08/05/2021,53.75
09/05/2021,53.73
10/05/2021,53.73
11/05/2021,53.73
12/05/2021,53.67
13/05/2021,53.64
14/05/2021,53.55
15/05/2021,53.48
16/05/2021,53.41
17/05/2021,53.34
18/05/2021,53.25
19/05/2021,53.16
20/05/2021,53.1
21/05/2021,53.01
22/05/2021,52.91
23/05/2021,52.85
24/05/2021,52.99
25/05/2021,52.95
26/05/2021,52.92
27/05/2021,52.86
28/05/2021,52.85
29/05/2021,52.86
30/05/2021,52.83
31/05/2021,52.81
01/06/2021,52.77
02/06/2021,52.72
03/06/2021,52.64
04/06/2021,52.61
05/06/2021,52.53
06/06/2021,52.5
07/06/2021,52.45
08/06/2021,52.36
09/06/2021,52.26
10/06/2021,52.17
11/06/2021,52.08
12/06/2021,51.96
13/06/2021,51.87
14/06/2021,51.76
15/06/2021,51.62
16/06/2021,51.54
17/06/2021,51.44
18/06/2021,51.35
19/06/2021,51.24
20/06/2021,51.13
21/06/2021,51.03
22/06/2021,50.91
23/06/2021,50.78
24/06/2021,50.65
25/06/2021,50.53
26/06/2021,50.42
27/06/2021,50.29
28/06/2021,50.15
29/06/2021,50.05
30/06/2021,49.92
01/07/2021,49.78
02/07/2021,49.65
03/07/2021,49.49
04/07/2021,49.33
05/07/2021,49.17
06/07/2021,48.98
07/07/2021,48.8
08/07/2021,48.64
09/07/2021,48.49
10/07/2021,48.2
11/07/2021,48.13
12/07/2021,48.01
13/07/2021,47.78
14/07/2021,47.61
15/07/2021,47.47
16/07/2021,47.17
17/07/2021,47.1
18/07/2021,46.95
19/07/2021,46.84
20/07/2021,46.69
21/07/2021,46.54
22/07/2021,46.38
23/07/2021,46.22
24/07/2021,46.05
25/07/2021,45.82
26/07/2021,45.67
27/07/2021,45.47
28/07/2021,45.37
29/07/2021,45.21
30/07/2021,45.05
31/07/2021,44.8
01/08/2021,44.68
02/08/2021,44.54
03/08/2021,44.36
04/08/2021,44.12
05/08/2021,43.99
06/08/2021,43.87
07/08/2021,43.71
08/08/2021,43.53
09/08/2021,43.27
10/08/2021,43.23
11/08/2021,43.07
12/08/2021,42.77
13/08/2021,42.76
14/08/2021,42.58
15/08/2021,42.44
16/08/2021,42.28
17/08/2021,42.01
18/08/2021,41.96
19/08/2021,41.81
20/08/2021,41.51
21/08/2021,41.53
22/08/2021,41.38
23/08/2021,41.24
24/08/2021,41.04
25/08/2021,40.94
26/08/2021,40.82
27/08/2021,40.67
28/08/2021,40.42
29/08/2021,40.32
30/08/2021,40.17
31/08/2021,39.83
01/09/2021,39.87
02/09/2021,39.74
03/09/2021,39.57
04/09/2021,39.41
05/09/2021,39.24
06/09/2021,38.97
07/09/2021,38.97
08/09/2021,38.83
09/09/2021,38.67
10/09/2021,38.45
11/09/2021,38.34
12/09/2021,38.17
13/09/2021,38.03
14/09/2021,37.89
15/09/2021,37.67
16/09/2021,37.71
17/09/2021,37.6
18/09/2021,37.3
19/09/2021,37.31
20/09/2021,37.19
21/09/2021,37.04
22/09/2021,36.93
23/09/2021,36.58
24/09/2021,36.66
25/09/2021,36.55
26/09/2021,36.33
27/09/2021,36.28
28/09/2021,36.13
29/09/2021,35.82
30/09/2021,35.85
01/10/2021,35.71
02/10/2021,35.49
03/10/2021,35.45
04/10/2021,35.32
05/10/2021,35.18
06/10/2021,35.04
07/10/2021,34.93
08/10/2021,34.85
10/10/2021,34.61
11/10/2021,34.5
12/10/2021,34.35
13/10/2021,34.24
14/10/2021,34.14
15/10/2021,34.03
16/10/2021,33.88
17/10/2021,33.77
18/10/2021,33.69
19/10/2021,33.58
20/10/2021,33.45
21/10/2021,33.34
22/10/2021,33.21
22/10/2021,33.21
22/10/2021,33.21
23/10/2021,33.11
24/10/2021,32.99
25/10/2021,32.89
26/10/2021,32.79
27/10/2021,32.69
28/10/2021,32.6
29/10/2021,32.5
30/10/2021,32.44
31/10/2021,32.36
01/11/2021,32.27
02/11/2021,32.17
02/11/2021,32.17
02/11/2021,32.17
03/11/2021,32.05
03/11/2021,32.05
04/11/2021,31.93
05/11/2021,31.8
07/11/2021,31.6
08/11/2021,31.46
09/11/2021,31.4
10/11/2021,31.32
11/11/2021,31.21
12/11/2021,31.1
13/11/2021,30.97
14/11/2021,30.89
15/11/2021,30.83
16/11/2021,30.66
17/11/2021,30.57
18/11/2021,30.47
19/11/2021,30.41
20/11/2021,30.32
21/11/2021,30.21
22/11/2021,30.18
23/11/2021,30.09
24/11/2021,30.01
25/11/2021,29.93
26/11/2021,29.84
27/11/2021,29.74
28/11/2021,29.68
29/11/2021,29.58
30/11/2021,29.41
01/12/2021,29.35
02/12/2021,29.31
03/12/2021,29.2
04/12/2021,29.12
04/12/2021,29.12
05/12/2021,29.02
05/12/2021,29.02
06/12/2021,28.96
06/12/2021,28.96
07/12/2021,28.88
08/12/2021,28.74
08/12/2021,28.74
09/12/2021,28.74
09/12/2021,28.74
10/12/2021,28.63
11/12/2021,28.54
12/12/2021,28.4
13/12/2021,28.32
14/12/2021,28.33
15/12/2021,28.25
16/12/2021,28.18
17/12/2021,28.12
18/12/2021,28
19/12/2021,27.98
20/12/2021,27.93
21/12/2021,27.86
22/12/2021,27.83
23/12/2021,27.78
25/12/2021,27.68
26/12/2021,27.7
27/12/2021,27.66
28/12/2021,27.67
29/12/2021,27.62
30/12/2021,27.57
31/12/2021,27.54
01/01/2022,27.5
02/01/2022,27.45
03/01/2022,27.42
04/01/2022,27.38
05/01/2022,27.3
06/01/2022,27.26
07/01/2022,27.21
09/01/2022,27.12
10/01/2022,27.07
11/01/2022,26.98
12/01/2022,26.92
13/01/2022,26.88
14/01/2022,26.83
15/01/2022,26.73
16/01/2022,26.66
17/01/2022,26.62
18/01/2022,26.55
19/01/2022,26.51
20/01/2022,26.42
21/01/2022,26.39
22/01/2022,26.31
23/01/2022,26.25
24/01/2022,26.2
25/01/2022,26.13
26/01/2022,26.07
27/01/2022,26.02
28/01/2022,25.93
29/01/2022,25.87
30/01/2022,25.79
31/01/2022,25.73
01/02/2022,25.62
02/02/2022,25.56
03/02/2022,25.51
04/02/2022,25.45
05/02/2022,25.38
06/02/2022,25.32
07/02/2022,25.28
08/02/2022,25.21
08/02/2022,25.21
09/02/2022,25.14
09/02/2022,25.14
10/02/2022,25.07
11/02/2022,25.03
11/02/2022,25.03
12/02/2022,24.97
12/02/2022,24.97
13/02/2022,24.92
13/02/2022,24.92
14/02/2022,24.85
14/02/2022,24.85
15/02/2022,24.79
15/02/2022,24.79
16/02/2022,24.71
16/02/2022,24.71
17/02/2022,24.63
17/02/2022,24.63
18/02/2022,24.55
18/02/2022,24.55
19/02/2022,24.49
19/02/2022,24.49
20/02/2022,24.42
20/02/2022,24.42
21/02/2022,24.37
21/02/2022,24.37
22/02/2022,24.31
22/02/2022,24.31
23/02/2022,24.26
24/02/2022,24.19
25/02/2022,24.16
26/02/2022,24.12
27/02/2022,24.07
28/02/2022,24
01/03/2022,23.98
03/03/2022,23.83
04/03/2022,23.79
05/03/2022,23.72
06/03/2022,23.67
07/03/2022,23.62
08/03/2022,23.61
08/03/2022,23.61
09/03/2022,23.54
10/03/2022,23.48
11/03/2022,23.45
12/03/2022,23.42
13/03/2022,23.36
14/03/2022,23.36
15/03/2022,23.7
16/03/2022,25.28
17/03/2022,26.32
18/03/2022,26.49
19/03/2022,26.62
20/03/2022,26.67
21/03/2022,26.73
22/03/2022,26.73
23/03/2022,26.75
24/03/2022,26.83
25/03/2022,26.97
26/03/2022,27.5
27/03/2022,27.68
28/03/2022,27.78
29/03/2022,27.83
30/03/2022,27.88
31/03/2022,26.86
01/04/2022,27.11
02/04/2022,27.24
03/04/2022,27.34
04/04/2022,27.41
05/04/2022,27.46
06/04/2022,27.51
07/04/2022,27.59
08/04/2022,27.6
09/04/2022,27.64
10/04/2022,27.62
11/04/2022,27.65
12/04/2022,27.62
13/04/2022,27.68
14/04/2022,27.66
14/04/2022,27.66
15/04/2022,27.65
15/04/2022,27.65
16/04/2022,27.62
16/04/2022,27.62
17/04/2022,27.6
17/04/2022,27.6
18/04/2022,27.58
18/04/2022,27.58
19/04/2022,27.53
20/04/2022,27.51
21/04/2022,27.46
22/04/2022,27.44
23/04/2022,27.51
24/04/2022,27.57
25/04/2022,27.59
26/04/2022,27.6
27/04/2022,27.59
28/04/2022,27.6
29/04/2022,27.65
30/04/2022,27.7
01/05/2022,27.7
02/05/2022,27.7
03/05/2022,27.7
04/05/2022,27.82
05/05/2022,27.93
06/05/2022,27.93
07/05/2022,27.97
08/05/2022,27.99
09/05/2022,27.99
10/05/2022,27.99
11/05/2022,27.97
12/05/2022,27.95
13/05/2022,27.91
14/05/2022,27.87
15/05/2022,27.83
16/05/2022,27.8
17/05/2022,27.76
18/05/2022,27.74
19/05/2022,27.68
20/05/2022,27.59
21/05/2022,27.51
22/05/2022,27.46
23/05/2022,27.39
24/05/2022,27.29
25/05/2022,27.23
26/05/2022,27.13
27/05/2022,27.05
28/05/2022,26.94
29/05/2022,26.86
30/05/2022,26.8
31/05/2022,26.73
01/06/2022,26.64
02/06/2022,26.54
03/06/2022,26.49
04/06/2022,26.4
05/06/2022,26.29
06/06/2022,26.2
07/06/2022,26.11
08/06/2022,26.01
09/06/2022,25.91
10/06/2022,25.81
11/06/2022,25.73
12/06/2022,25.63
13/06/2022,25.56
14/06/2022,25.45
15/06/2022,25.33
16/06/2022,25.24
17/06/2022,25.12
18/06/2022,25.03
19/06/2022,24.94
20/06/2022,24.89
21/06/2022,24.76
22/06/2022,24.67
23/06/2022,24.57
24/06/2022,24.46
25/06/2022,24.36
26/06/2022,24.27
27/06/2022,24.16
28/06/2022,24.05
29/06/2022,23.98
30/06/2022,23.89
01/07/2022,23.81
02/07/2022,23.72
03/07/2022,23.63
04/07/2022,23.56
05/07/2022,23.46
06/07/2022,23.34
07/07/2022,23.3
08/07/2022,23.19
09/07/2022,23.09
10/07/2022,22.99
11/07/2022,22.9
12/07/2022,22.84
13/07/2022,22.74
14/07/2022,22.66
15/07/2022,22.55
16/07/2022,22.46
17/07/2022,22.34
18/07/2022,22.29
19/07/2022,22.19
20/07/2022,22.09
21/07/2022,22.01
22/07/2022,21.91
23/07/2022,21.8
24/07/2022,21.7
25/07/2022,21.62
26/07/2022,21.52
27/07/2022,21.43
28/07/2022,21.33
29/07/2022,21.2
30/07/2022,21.13
31/07/2022,21.04
01/08/2022,20.93
02/08/2022,20.84
03/08/2022,20.74
04/08/2022,20.61
05/08/2022,20.53
06/08/2022,20.45
07/08/2022,20.38
08/08/2022,20.32
09/08/2022,20.24
10/08/2022,20.18
11/08/2022,20.13
12/08/2022,20.08
13/08/2022,19.96
14/08/2022,19.85
15/08/2022,19.78
16/08/2022,19.7
17/08/2022,19.65
18/08/2022,19.6
19/08/2022,19.53
20/08/2022,19.46
21/08/2022,19.38
22/08/2022,19.26
23/08/2022,19.2
24/08/2022,19.14
25/08/2022,19.13
26/08/2022,19.13
27/08/2022,18.98
28/08/2022,18.92
29/08/2022,18.85
30/08/2022,18.75
31/08/2022,18.71
01/09/2022,18.65
02/09/2022,18.6
03/09/2022,18.51
04/09/2022,18.43
05/09/2022,18.37
06/09/2022,18.31
07/09/2022,18.24
08/09/2022,18.15
09/09/2022,18.09
10/09/2022,18.03
11/09/2022,17.98
12/09/2022,17.93
13/09/2022,17.9
14/09/2022,17.86
15/09/2022,17.82
16/09/2022,17.73
17/09/2022,17.67
18/09/2022,17.62
19/09/2022,17.57
20/09/2022,17.52
21/09/2022,17.47
22/09/2022,17.43
23/09/2022,17.38
24/09/2022,17.32
25/09/2022,17.25
26/09/2022,17.19
27/09/2022,17.08
28/09/2022,17
29/09/2022,16.91
30/09/2022,16.82
01/10/2022,16.73
02/10/2022,16.69
03/10/2022,16.68
04/10/2022,16.64
05/10/2022,16.61
06/10/2022,16.58
07/10/2022,16.54
08/10/2022,16.51
09/10/2022,16.48
10/10/2022,16.47
11/10/2022,16.44
12/10/2022,16.42
13/10/2022,16.39
14/10/2022,16.36
15/10/2022,16.33
16/10/2022,16.31
17/10/2022,16.28
18/10/2022,16.28
19/10/2022,16.28
20/10/2022,16.25
21/10/2022,16.23
22/10/2022,16.2
23/10/2022,16.17
24/10/2022,16.14
25/10/2022,16.1
26/10/2022,16.08
27/10/2022,16.04
28/10/2022,16.01
29/10/2022,15.98
30/10/2022,15.97
30/10/2022,15.97
30/10/2022,15.97
31/10/2022,15.94
01/11/2022,15.91
02/11/2022,15.89
03/11/2022,15.86
04/11/2022,15.85
05/11/2022,15.81
06/11/2022,15.78
07/11/2022,15.75
08/11/2022,15.73
09/11/2022,15.71
10/11/2022,15.7
11/11/2022,15.67
12/11/2022,15.66
13/11/2022,15.62
14/11/2022,15.6
15/11/2022,15.6
16/11/2022,15.57
18/11/2022,15.53
19/11/2022,15.49
20/11/2022,15.46
21/11/2022,15.44
22/11/2022,15.4
23/11/2022,15.38
24/11/2022,15.35
25/11/2022,15.33
26/11/2022,15.29
27/11/2022,15.25
28/11/2022,15.24
29/11/2022,15.2
30/11/2022,15.17
01/12/2022,15.16
02/12/2022,15.14
03/12/2022,15.12
04/12/2022,15.12
05/12/2022,15.08
06/12/2022,15.1
07/12/2022,15.06
08/12/2022,15.04
09/12/2022,15.07
10/12/2022,15.32
11/12/2022,15.4
12/12/2022,15.58
13/12/2022,15.65
14/12/2022,15.94
15/12/2022,16.76
16/12/2022,17.5
17/12/2022,17.79
18/12/2022,17.93
19/12/2022,18.05
20/12/2022,18.14
21/12/2022,18.22
22/12/2022,18.28
23/12/2022,18.31
24/12/2022,18.35
25/12/2022,18.38
26/12/2022,18.41
27/12/2022,18.43
28/12/2022,18.44
29/12/2022,18.46
30/12/2022,18.49
31/12/2022,18.49
01/01/2023,18.5
02/01/2023,18.5
03/01/2023,18.53
04/01/2023,18.53
06/01/2023,18.53
07/01/2023,18.53
08/01/2023,18.55
09/01/2023,18.56
10/01/2023,18.56
11/01/2023,18.53
12/01/2023,18.53
13/01/2023,18.53
14/01/2023,18.53
15/01/2023,18.51
16/01/2023,18.51
17/01/2023,18.5
18/01/2023,18.44
19/01/2023,18.43
20/01/2023,18.44
21/01/2023,18.46
22/01/2023,18.44
23/01/2023,18.43
24/01/2023,18.4
25/01/2023,18.41
26/01/2023,18.4
27/01/2023,18.38
28/01/2023,18.34
29/01/2023,18.3
30/01/2023,18.34
31/01/2023,18.31
01/02/2023,18.28
02/02/2023,18.27
03/02/2023,18.25
04/02/2023,18.24
05/02/2023,18.21
06/02/2023,18.19
07/02/2023,18.19
08/02/2023,18.19
09/02/2023,18.19
10/02/2023,18.16
11/02/2023,18.15
12/02/2023,18.14
13/02/2023,18.12
14/02/2023,18.12
15/02/2023,18.09
16/02/2023,18.08
17/02/2023,18.08
18/02/2023,18.05
19/02/2023,18.05
20/02/2023,18.03
21/02/2023,18.02
22/02/2023,17.99
23/02/2023,17.98
24/02/2023,17.95
25/02/2023,17.92
26/02/2023,17.9
27/02/2023,17.89
28/02/2023,17.86
01/03/2023,17.82
02/03/2023,17.8
03/03/2023,17.76
04/03/2023,17.75
05/03/2023,17.72
06/03/2023,17.7
07/03/2023,17.69
08/03/2023,17.66
